"title_abb","title","id","color","image","2012-07-01","2012-08-01","2012-09-01","2012-10-01","2012-11-01","2012-12-01","2013-01-01","2013-02-01","2013-03-01","2013-04-01","2013-05-01","2013-06-01","2013-07-01","2013-08-01","2013-09-01","2013-10-01","2013-11-01","2013-12-01","2014-01-01","2014-02-01","2014-03-01","2014-04-01","2014-05-01","2014-06-01","2014-07-01","2014-08-01","2014-09-01","2014-10-01","2014-11-01","2014-12-01","2015-01-01","2015-02-01","2015-03-01","2015-04-01","2015-05-01","2015-06-01","2015-07-01","2015-08-01","2015-09-01","2015-10-01","2015-11-01","2015-12-01","2016-01-01","2016-02-01","2016-03-01","2016-04-01","2016-05-01","2016-06-01","2016-07-01","2016-08-01","2016-09-01","2016-10-01","2016-11-01","2016-12-01","2017-01-01","2017-02-01","2017-03-01","2017-04-01","2017-05-01","2017-06-01","2017-07-01","2017-08-01","2017-09-01","2017-10-01","2017-11-01","2017-12-01","2018-01-01","2018-02-01","2018-03-01","2018-04-01","2018-05-01","2018-06-01","2018-07-01","2018-08-01","2018-09-01","2018-10-01","2018-11-01","2018-12-01","2019-01-01","2019-02-01","2019-03-01","2019-04-01","2019-05-01","2019-06-01","2019-07-01","2019-08-01","2019-09-01","2019-10-01","2019-11-01","2019-12-01","2020-01-01","2020-02-01","2020-03-01","2020-04-01","2020-05-01","2020-06-01","2020-07-01","2020-08-01","2020-09-01","2020-10-01","2020-11-01","2020-12-01","2021-01-01","2021-02-01","2021-03-01","2021-04-01","2021-05-01","2021-06-01","2021-07-01","2021-08-01","2021-09-01","2021-10-01","2021-11-01","2021-12-01","2022-01-01","2022-02-01","2022-03-01","2022-04-01","2022-05-01","2022-06-01","2022-07-01","2022-08-01","2022-09-01","2022-10-01","2022-11-01","2022-12-01","2023-01-01","2023-02-01"
"CS","Counter-Strike","10","1D2C68","https://plotset.com/assets/images/steam-icons/Counter-Strike.jpg","53967","53685","55321","56053","56957","61189","65188","60134","49412","43856","36913","35960","34412","34230","36983","36655","39826","40743","44491","41945","39230","35774","33755","31392","30469","29564","30379","31690","33495","36393","37018","34453","33107","30333","26466","24177","23624","22650","23130","24278","26133","27926","29670","29617","28136","24994","22998","22585","21136","21491","21984","23413","24792","26909","29300","28071","26577","22842","21838","20229","20303","18292","18685","20764","24734","25689","27589","26135","25812","22637","18895","18604","18703","17093","17531","18183","20591","21858","22902","21432","19302","17373","16503","14925","15309","14902","14661","14937","15994","18196","19141","17705","30500","31782","29589","21446","18159","16485","16041","17908","20908","22645","23762","21626","22140","21562","18089","16391","14972","14064","14559","15631","16321","16534","18392","18714","16745","16636","14189","13707","14019","13191","13455","13709","15888","14425","14728","14019"
"Dota Underlords","Dota Underlords","1046930","1A2217","https://plotset.com/assets/images/steam-icons/Dota%20Underlords.jpg","0","0","0","0","0","0","0","0","0","0","0","0","0","0","0","0","0","0","0","0","0","0","0","0","0","0","0","0","0","0","0","0","0","0","0","0","0","0","0","0","0","0","0","0","0","0","0","0","0","0","0","0","0","0","0","0","0","0","0","0","0","0","0","0","0","0","0","0","0","0","0","0","0","0","0","0","0","0","0","0","0","0","0","202254","111805","74189","44760","43557","32872","20177","14783","30553","29166","23007","11521","9553","9055","12211","10487","8084","7005","8344","6337","6114","6340","6316","5438","4996","4537","4475","4194","3848","3654","3384","3571","3397","3536","3693","3444","3396","3322","3211","3103","3363","2853","2480","2492","2191"
"Terraria","Terraria","105600","52831F","https://plotset.com/assets/images/steam-icons/Terraria.jpg","16097","8399","8503","6664","10799","9119","13303","8502","14259","11856","14305","11339","18750","8392","12057","97392","40370","27274","22962","17002","14336","11069","26328","32249","28048","14455","20721","16597","22395","27255","26016","16831","15502","14185","15021","158947","149316","54486","33538","28621","28867","37821","39425","26573","25409","25034","30112","30486","33051","22057","24473","23776","36926","32543","34214","27644","26626","31152","29192","30594","31959","28218","27568","29120","29128","33063","34396","29858","29904","31058","30276","30003","31403","25523","25303","26054","28050","31424","39437","34169","28659","35231","34594","35123","35010","27917","26791","25955","53380","57927","49672","42862","48542","72280","486918","157919","62269","40187","33696","48712","45815","43285","47087","55078","45035","44708","55027","49750","42378","42367","45520","63430","84258","73393","59635","57046","44948","44767","45021","45395","50902","41392","71258","115029","70589","47442","55374","33461"
"New World","New World","1063730","A3A4A6","https://plotset.com/assets/images/steam-icons/New%20World.jpg","0","0","0","0","0","0","0","0","0","0","0","0","0","0","0","0","0","0","0","0","0","0","0","0","0","0","0","0","0","0","0","0","0","0","0","0","0","0","0","0","0","0","0","0","0","0","0","0","0","0","0","0","0","0","0","0","0","0","0","0","0","0","0","0","0","0","0","0","0","0","0","0","0","0","0","0","0","0","0","0","0","0","0","0","0","0","0","0","0","0","0","0","0","0","0","0","0","0","0","0","0","0","0","0","0","0","0","0","0","0","757990","913027","357188","145038","117042","67943","34098","37734","28373","22565","26604","25505","45745","69605","137755","64440","48399","28595"
"Arma 3","Arma 3","107410","1A2217","https://plotset.com/assets/images/steam-icons/Arma%203.jpg","0","0","0","0","0","0","0","0","13225","4536","3496","12108","7311","6657","16612","8435","9270","9373","14464","22331","24278","26302","46089","27777","26977","25334","24971","48521","34213","36250","44621","37577","44092","44017","47553","31440","29783","33455","33954","35323","34353","38659","43922","48734","45506","41127","56185","46030","46635","41000","40858","41168","43745","47649","53102","45279","46509","49352","42285","46003","43759","32339","36019","32097","36994","38629","37049","33206","33378","44337","34393","31609","31989","27029","29690","26432","26667","26948","29454","32582","28270","27708","28985","26030","27462","25846","24676","23954","22119","22863","31684","26403","36117","40307","34175","25514","23272","22575","26059","27524","27725","26626","29006","31637","30058","27972","37235","26135","23244","23447","25623","24113","25963","23204","26073","26730","28222","33692","24021","25933","21679","19124","24526","22732","22240","13422","17333","16683"
"Destiny 2","Destiny 2","1085660","ABA28F","https://plotset.com/assets/images/steam-icons/Destiny%202.jpg","0","0","0","0","0","0","0","0","0","0","0","0","0","0","0","0","0","0","0","0","0","0","0","0","0","0","0","0","0","0","0","0","0","0","0","0","0","0","0","0","0","0","0","0","0","0","0","0","0","0","0","0","0","0","0","0","0","0","0","0","0","0","0","0","0","0","0","0","0","0","0","0","0","0","0","0","0","0","0","0","0","0","0","0","0","0","0","292314","195407","138593","108724","93065","117425","100645","76476","213681","122236","122520","97247","93741","241843","139723","79290","131640","87476","95209","187504","108306","116526","177734","147513","127770","76188","154358","78752","289895","229002","88326","178829","126948","103075","193209","149576","102690","60854","37786","78958","78090"
"CP2077","Cyberpunk 2077","1091500","D2B42C","https://plotset.com/assets/images/steam-icons/Cyberpunk%202077.jpg","0","0","0","0","0","0","0","0","0","0","0","0","0","0","0","0","0","0","0","0","0","0","0","0","0","0","0","0","0","0","0","0","0","0","0","0","0","0","0","0","0","0","0","0","0","0","0","0","0","0","0","0","0","0","0","0","0","0","0","0","0","0","0","0","0","0","0","0","0","0","0","0","0","0","0","0","0","0","0","0","0","0","0","0","0","0","0","0","0","0","0","0","0","0","0","0","0","0","0","0","0","830387","225670","47115","22890","25322","17885","15703","17110","21483","19706","16250","28779","30227","27587","59061","35109","23181","24052","18516","19519","18695","136724","118285","56955","37258","42818","18969"
"Apex","Apex Legends™","1172470","AA2A11","https://plotset.com/assets/images/steam-icons/Apex%20Legends™.jpg","0","0","0","0","0","0","0","0","0","0","0","0","0","0","0","0","0","0","0","0","0","0","0","0","0","0","0","0","0","0","0","0","0","0","0","0","0","0","0","0","0","0","0","0","0","0","0","0","0","0","0","0","0","0","0","0","0","0","0","0","0","0","0","0","0","0","0","0","0","0","0","0","0","0","0","0","0","0","0","0","0","0","0","0","0","0","0","0","0","0","0","0","0","0","0","0","0","0","0","0","117193","112076","129928","196799","228439","217728","330879","266591","262129","330476","273617","248669","318330","242823","264287","392998","353623","370651","411183","352659","347314","510286","497242","386994","403157","327021","338516","130654"
"NARAKA","NARAKA: BLADEPOINT","1203220","003CC1","https://steamcharts.com/assets/steam-images/1203220.jpg","0","0","0","0","0","0","0","0","0","0","0","0","0","0","0","0","0","0","0","0","0","0","0","0","0","0","0","0","0","0","0","0","0","0","0","0","0","0","0","0","0","0","0","0","0","0","0","0","0","0","0","0","0","0","0","0","0","0","0","0","0","0","0","0","0","0","0","0","0","0","0","0","0","0","0","0","0","0","0","0","0","0","0","0","0","0","0","0","0","0","0","0","0","0","0","0","0","0","0","0","0","0","0","0","0","0","0","0","0","128628","160720","141344","154161","186707","138595","148721","165976","146195","129636","109793","106751","165639","149175","162366","166259","135258","124913","16046"
"Halo ∞","Halo Infinite","1240440","74D1EA","https://plotset.com/assets/images/steam-icons/Halo%20Infinite.jpg","0","0","0","0","0","0","0","0","0","0","0","0","0","0","0","0","0","0","0","0","0","0","0","0","0","0","0","0","0","0","0","0","0","0","0","0","0","0","0","0","0","0","0","0","0","0","0","0","0","0","0","0","0","0","0","0","0","0","0","0","0","0","0","0","0","0","0","0","0","0","0","0","0","0","0","0","0","0","0","0","0","0","0","0","0","0","0","0","0","0","0","0","0","0","0","0","0","0","0","0","0","0","0","0","0","0","0","0","0","0","0","0","256619","147782","62371","31780","15961","10350","21369","8667","7680","6792","7941","6011","12906","5740","6052","1551"
"ELDEN RING","ELDEN RING","1245620","D2B42C","https://plotset.com/assets/images/steam-icons/ELDEN%20RING.jpg","0","0","0","0","0","0","0","0","0","0","0","0","0","0","0","0","0","0","0","0","0","0","0","0","0","0","0","0","0","0","0","0","0","0","0","0","0","0","0","0","0","0","0","0","0","0","0","0","0","0","0","0","0","0","0","0","0","0","0","0","0","0","0","0","0","0","0","0","0","0","0","0","0","0","0","0","0","0","0","0","0","0","0","0","0","0","0","0","0","0","0","0","0","0","0","0","0","0","0","0","0","0","0","0","0","0","0","0","0","0","0","0","0","0","0","807951","952523","457067","192569","88390","52347","47252","45238","39776","36112","26656","89561","57811"
"MHR","MONSTER HUNTER RISE","1446780","A3A4A6","https://steamcharts.com/assets/steam-images/1446780.jpg","0","0","0","0","0","0","0","0","0","0","0","0","0","0","0","0","0","0","0","0","0","0","0","0","0","0","0","0","0","0","0","0","0","0","0","0","0","0","0","0","0","0","0","0","0","0","0","0","0","0","0","0","0","0","0","0","0","0","0","0","0","0","0","0","0","0","0","0","0","0","0","0","0","0","0","0","0","0","0","0","0","0","0","0","0","0","0","0","0","0","0","0","0","0","0","0","0","0","0","0","0","0","0","0","0","0","0","0","0","0","0","0","0","0","133629","61070","27679","20566","31601","193661","230942","143163","62833","58424","54188","43967","32493","11000"
"Master Duel","Yu-Gi-Oh! Master Duel","1449850","943A12","https://steamcharts.com/assets/steam-images/1449850.jpg","0","0","0","0","0","0","0","0","0","0","0","0","0","0","0","0","0","0","0","0","0","0","0","0","0","0","0","0","0","0","0","0","0","0","0","0","0","0","0","0","0","0","0","0","0","0","0","0","0","0","0","0","0","0","0","0","0","0","0","0","0","0","0","0","0","0","0","0","0","0","0","0","0","0","0","0","0","0","0","0","0","0","0","0","0","0","0","0","0","0","0","0","0","0","0","0","0","0","0","0","0","0","0","0","0","0","0","0","0","0","0","0","0","0","262333","190442","119337","86259","102062","61032","66722","53093","46106","37289","32915","22412","19182","13591"
"CAS","Capcom Arcade Stadium","1515950","D2B42C","https://steamcharts.com/assets/steam-images/1515950.jpg","0","0","0","0","0","0","0","0","0","0","0","0","0","0","0","0","0","0","0","0","0","0","0","0","0","0","0","0","0","0","0","0","0","0","0","0","0","0","0","0","0","0","0","0","0","0","0","0","0","0","0","0","0","0","0","0","0","0","0","0","0","0","0","0","0","0","0","0","0","0","0","0","0","0","0","0","0","0","0","0","0","0","0","0","0","0","0","0","0","0","0","0","0","0","0","0","0","0","0","0","0","0","0","0","0","0","624","117","40","26","26","57","481088","51945","387","36","46","40","41","37656","5063","1675","1134","80","263","36","206","32"
"GGD","Goose Goose Duck","1568590","1A2217","https://steamcharts.com/assets/steam-images/1568590.jpg","0","0","0","0","0","0","0","0","0","0","0","0","0","0","0","0","0","0","0","0","0","0","0","0","0","0","0","0","0","0","0","0","0","0","0","0","0","0","0","0","0","0","0","0","0","0","0","0","0","0","0","0","0","0","0","0","0","0","0","0","0","0","0","0","0","0","0","0","0","0","0","0","0","0","0","0","0","0","0","0","0","0","0","0","0","0","0","0","0","0","0","0","0","0","0","0","0","0","0","0","0","0","0","0","0","118","766","888","721","1124","2196","3159","5223","5847","15973","21362","18019","10872","8627","7909","6677","7095","8927","6056","52934","56347","444363","39099"
"Lost Ark","Lost Ark","1599340","1A2217","https://plotset.com/assets/images/steam-icons/Lost%20Ark.jpg","0","0","0","0","0","0","0","0","0","0","0","0","0","0","0","0","0","0","0","0","0","0","0","0","0","0","0","0","0","0","0","0","0","0","0","0","0","0","0","0","0","0","0","0","0","0","0","0","0","0","0","0","0","0","0","0","0","0","0","0","0","0","0","0","0","0","0","0","0","0","0","0","0","0","0","0","0","0","0","0","0","0","0","0","0","0","0","0","0","0","0","0","0","0","0","0","0","0","0","0","0","0","0","0","0","0","0","15469","0","0","0","0","0","0","0","1324761","907696","569729","797694","885379","351516","350545","229630","257779","280576","285148","330334","147311"
"CoD MW2","Call of Duty®: Modern Warfare® II","1938090","52831F","https://plotset.com/assets/images/steam-icons/Call%20of%20Duty®%20Modern%20Warfare®%20II.jpg","0","0","0","0","0","0","0","0","0","0","0","0","0","0","0","0","0","0","0","0","0","0","0","0","0","0","0","0","0","0","0","0","0","0","0","0","0","0","0","0","0","0","0","0","0","0","0","0","0","0","0","0","0","0","0","0","0","0","0","0","0","0","0","0","0","0","0","0","0","0","0","0","0","0","0","0","0","0","0","0","0","0","0","0","0","0","0","0","0","0","0","0","0","0","0","0","0","0","0","0","0","0","0","0","0","0","0","0","0","0","0","0","0","0","0","0","0","0","0","0","0","0","0","262875","488897","261395","159613","93506"
"XCOM","XCOM: Enemy Unknown","200510","003CC1","https://steamcharts.com/assets/steam-images/200510.jpg","0","0","0","70560","18995","12572","11665","6311","9228","5460","7073","4707","12252","6330","5793","19135","29132","17584","17258","7570","6514","4364","8958","15733","9967","14906","9581","20973","8937","8718","8186","6119","9488","5977","5066","13031","7978","6678","19807","7583","5921","11608","18668","22358","7752","4292","3207","3495","3864","3908","2665","2731","3007","3342","3955","3370","3807","2310","2039","2914","3000","2678","3459","2625","2499","2413","2602","2337","3034","2315","1905","1902","1903","1775","1659","1869","1913","1909","1930","2196","1641","1422","1818","1477","1680","1758","1345","1319","1663","1647","1715","1606","2133","3533","3955","1488","1393","1335","1383","1192","1344","1329","1430","1973","1834","1351","1142","1430","1163","1795","1218","1294","1224","1360","1545","1837","1485","1321","1439","1147","1151","1147","1324","1463","1329","826","1302","863"
"Torchlight II","Torchlight II","200710","AA2A11","https://steamcharts.com/assets/steam-images/200710.jpg","0","0","54010","21202","9725","9462","16073","10498","5097","10316","9414","3795","19745","7634","5053","2982","7613","8607","23546","3993","2430","1965","1684","6596","3431","2057","1604","4760","1937","4108","2894","4641","7100","2937","1902","3392","1794","1552","3108","1415","1414","1846","1954","3663","1646","1386","1297","3925","4141","1286","1180","1272","1809","2145","2397","1423","1184","4010","1309","2606","2377","1244","1163","2260","2233","2715","2386","1856","2910","4568","1269","1477","1492","1056","4061","3277","1928","1530","1501","1323","1049","977","955","898","1068","851","894","825","1161","909","900","1859","1600","1753","1413","1379","1785","1233","798","1065","974","969","1099","689","739","756","1006","778","700","700","616","1892","965","640","719","601","639","658","543","808","552","667","651","562","656","492","636","338"
"CK2","Crusader Kings II","203770","A3A4A6","https://steamcharts.com/assets/steam-images/203770.jpg","3703","2487","2122","2773","2531","4011","4013","4593","3885","3148","8146","8035","6524","5993","5023","3385","5409","6249","5780","5761","9095","6802","5852","6608","5307","5715","5545","10560","6280","8882","7942","11884","7310","5938","6411","7266","8595","6385","6090","8491","6403","6460","6733","9104","6655","6477","6222","5934","6440","10540","10106","6719","6275","7099","7820","7173","11920","7736","7311","6756","7243","8023","8570","6799","9187","8885","9088","7967","6961","140269","10316","8600","9006","8480","9627","7828","20429","14146","12054","10689","9735","13531","12310","10689","9529","10967","9619","18227","15391","11889","12468","12105","13604","13021","15528","11677","9962","13604","10915","7137","5663","5368","5385","5272","5468","5280","5242","4795","4550","4731","4473","4618","4788","4417","4698","4629","4254","4230","4060","3895","3885","4455","5369","4965","4598","2990","3711","3020"
"Saints Row IV","Saints Row IV: Re-Elected","206420","D2B42C","https://steamcharts.com/assets/steam-images/206420.jpg","0","0","0","0","0","0","0","0","0","0","0","0","0","38627","16465","7156","6052","6749","42076","2743","1679","7060","2131","9038","6189","7298","2295","10311","5312","8245","40141","5988","5631","2221","6084","3994","1761","1441","21885","6270","3006","4534","4077","3092","1605","3871","1915","3828","3869","1457","1380","4955","4181","3148","3102","5624","2493","6081","1868","3222","2806","11822","1843","5399","2056","2381","2221","1667","1110","1017","916","1618","4138","1192","873","2890","1477","1514","1421","1148","763","613","2582","1236","1314","644","1691","628","1061","1267","1168","708","753","840","820","902","1014","549","1845","785","933","1494","1005","736","1260","708","1285","894","642","905","790","752","1344","584","642","492","374","380","819","596","651","1145","1091","629","580","350","355","234"
"Guns of Icarus","Guns of Icarus Online","209080","1D2C68","https://steamcharts.com/assets/steam-images/209080.jpg","0","71","126","1327","877","185","492","1614","781","366","2009","711","742","2864","498","2207","392","1835","897","2324","581","349","4043","1375","760","1046","457","983","1738","2237","1101","1643","538","402","3175","2616","782","452","468","427","797","730","769","958","498","389","536","697","443","724","443","307","463","504","819","324","570","642","312","322","280","96","181","4748","1906","985","279","255","126","327","102258","1795","1176","1768","961","344","399","996","343","261","98","414","1223","231","6048","91","34","39","98","143","124","525","82","85","153","1374","76","107","54","78","142","101","61","103","116","61","56","98","56","67","38","153","113","51","192","41","36","163","39","28","34","29","159","100","43","12","23","6"
"Starbound","Starbound","211820","1D2C68","https://steamcharts.com/assets/steam-images/211820.jpg","0","0","0","0","0","0","0","0","0","0","0","0","0","0","0","0","0","88355","37933","32463","12103","5544","5121","4397","3947","2949","2854","3018","3252","7747","37653","40131","7418","6049","6119","5799","3153","9362","6085","3828","3703","6889","7054","3723","3352","3206","2873","2627","62201","36367","10725","6716","5697","9678","10753","8767","5788","5622","5494","16542","10190","5927","5965","5895","5917","7527","8050","6178","5349","5180","5484","7465","5848","4241","3705","3753","3780","4568","5009","4571","3747","3775","3868","20116","16528","4472","3484","2891","3636","4636","4599","3995","4333","4368","4180","6506","3292","2710","2794","2921","3587","4001","8734","6443","3345","3040","3018","5266","3459","3053","2924","2587","2975","2837","3340","3026","3142","3045","2824","4114","2943","4792","2497","2514","2492","1686","2708","1935"
"TW:Rome II","Total War™: ROME II - Emperor Edition","214950","AA2A11","https://plotset.com/assets/images/steam-icons/Total%20War™%20ROME%20II%20-%20Emperor%20Edition.jpg","0","0","0","0","0","0","0","0","0","0","0","0","0","21","118240","37686","28872","27554","27944","26219","24747","22620","18135","20946","18727","18154","37680","23997","23715","26270","26122","38582","20823","15980","13583","19486","13940","13158","14179","13766","13104","14266","15490","15189","14696","13567","13493","11730","12002","10050","10454","10759","11086","11204","12012","11597","10480","9453","9370","10023","10208","9691","12366","9796","12989","16824","11222","10952","12466","10645","9434","8425","10976","15266","12165","10956","9492","10632","10529","11058","11615","10491","10085","8019","8309","8327","10713","9553","9481","9392","9836","10499","14762","12676","14805","9846","8892","8760","8342","10044","10392","10242","10547","9910","10091","10335","11447","7729","7640","7949","8310","8240","7928","8699","9352","9069","7362","7729","8186","7437","7371","7390","7541","7709","7488","5592","7398","5925"
"PAYDAY 2","PAYDAY 2","218620","003CC1","https://plotset.com/assets/images/steam-icons/PAYDAY%202.jpg","0","0","0","0","0","0","19","24","24","22","30","49","29","57346","26789","11033","15145","16216","16595","11440","55122","15132","37936","63749","57166","24444","20422","72242","59664","30874","32516","15942","81105","27669","13968","33870","21018","63535","24367","52376","39452","28093","32383","25887","39426","31146","14320","43415","34862","13300","20667","41053","25703","20295","20706","26869","13400","52906","16274","247628","99900","62561","56590","92426","57822","57345","55630","51694","58940","90893","48832","40947","38734","23537","20667","21503","24849","22339","15172","14436","12873","13599","21198","18877","23207","17440","15128","27181","56187","37817","39376","31830","36273","39419","61728","56703","48473","46799","45610","54123","57837","56740","54841","44327","34707","53849","57332","54149","55910","52717","45922","46063","50760","61808","48448","47197","47441","47026","54236","48181","68553","66075","58808","57402","52367","42589","69105","39363"
"DayZ","DayZ","221100","1A2217","https://plotset.com/assets/images/steam-icons/DayZ.jpg","0","0","0","3","5","5","4","9","9","6","15","10","9","28","9","23","28","45398","42545","40857","35993","36653","33525","31586","30532","26720","26024","20483","28241","29338","29335","29001","29190","25784","13104","21240","15586","23967","13017","11606","9325","17740","16423","13983","13218","10944","13335","27880","17818","10386","8663","8757","9381","14238","12926","9336","8933","7406","6776","9354","6587","4777","4763","4855","4822","4733","4820","4347","4291","4457","6624","5752","3681","3292","4460","3577","12725","29324","13369","9872","9641","13118","15139","16789","18792","18198","16901","18461","16330","24254","25661","40545","27255","28096","35397","24136","23958","24446","36728","30755","33979","40337","45236","38533","34161","34882","35936","34348","32102","35452","34974","39337","45973","44592","52696","47123","43824","58240","53887","52546","47882","48116","52106","57176","54609","39685","52523","50125"
"Warframe","Warframe","230410","74D1EA","https://plotset.com/assets/images/steam-icons/Warframe.jpg","0","0","0","0","0","0","0","1","19099","21157","19734","19554","15714","14349","18941","16381","18459","18274","16929","21380","21193","26848","19536","19939","31766","28233","25841","34785","32800","29349","28400","28376","42816","40497","37595","29209","49829","44908","38904","48901","37303","58502","50177","49683","66308","47242","44091","41739","61417","46268","39037","34094","68530","56812","47134","45309","69526","50822","47732","51423","58314","55743","58608","121377","102965","76564","69002","82384","81338","85227","73097","129002","118191","107100","86984","99735","131766","89029","82266","74472","115102","107898","97068","74255","94907","96262","80466","60931","87616","84081","59186","70798","88215","94162","76165","81798","58719","154246","90316","69891","68553","70305","60019","61032","83221","79251","77193","69028","181509","74329","82680","71407","73093","118297","77400","57905","62134","87532","84285","68207","91910","58478","77239","55500","58261","58743","44307","42461"
"CoH2","Company of Heroes 2","231430","52831F","https://steamcharts.com/assets/steam-images/231430.jpg","0","0","0","0","0","0","0","0","0","0","0","20747","17138","7074","5777","4902","5343","6334","15920","6900","5337","12957","6645","13912","11106","7730","6953","16043","9872","10709","10720","16489","9299","8020","7634","7908","7890","14321","13473","8948","8845","9229","9524","10814","10001","11471","8933","9580","8514","7204","9183","8787","7466","7910","7818","8894","7344","6736","6666","9473","7122","6213","6307","6780","6763","16560","8856","8701","7199","6320","6087","6447","6664","6645","7267","7006","6600","161908","10349","9384","10168","8335","8575","7896","8281","7548","8175","7898","22270","11057","9080","9319","10982","10802","10265","9611","9176","8336","8272","15608","10801","9906","10364","9477","8962","9084","34707","26401","13557","11618","10681","10461","9211","9060","10091","9516","10357","11100","10091","9660","9675","10576","9511","10561","8715","6170","8700","6859"
"DS2","DARK SOULS™ II","236430","1D2C68","https://plotset.com/assets/images/steam-icons/DARK%20SOULS%20II.jpg","0","0","0","0","0","0","0","0","0","0","0","0","0","0","0","0","0","0","0","0","18","79528","62791","20171","19797","18980","14299","12085","6984","10976","13159","9439","7312","6352","3486","2119","1720","1952","1808","1825","1617","1832","2068","2373","3165","3987","2280","1006","531","518","564","567","1035","1028","1176","816","743","831","736","784","962","616","892","646","903","1156","1226","857","630","565","549","987","1025","485","378","408","826","791","864","766","547","483","418","593","557","409","442","345","440","535","578","537","502","859","597","386","363","348","297","284","715","678","695","447","362","349","327","611","615","447","309","295","413","599","668","357","473","374","298","208","189","197","222","196","196","200","320","266"
"POE","Path of Exile","238960","943A12","https://plotset.com/assets/images/steam-icons/Path%20of%20Exile.jpg","0","0","0","0","0","0","0","0","0","0","0","0","0","0","0","34371","32066","19838","15468","11782","19489","10266","8630","6713","6922","24493","19303","10832","8257","13689","12184","9982","9857","9761","9818","6689","32284","23239","10759","11805","10025","22345","18744","10241","37266","22159","11266","26111","13960","8356","33220","23384","15690","46807","30442","18905","65200","34829","19390","18274","17660","98110","60597","31448","28475","70314","51656","27843","81781","45570","42316","95824","42784","75364","75484","39108","27484","123462","77233","33488","111114","40773","33842","113258","53530","25500","74653","31634","24832","117757","84600","41010","132508","73985","39620","125432","64732","38067","121595","75814","37936","36730","157091","90539","43963","155138","92312","28019","116106","64671","28338","148447","77811","44935","19478","158140","40699","21433","131010","55119","25422","151145","60837","28030","22330","7024","60967","32694"
"Dying Light","Dying Light","239140","FD7A01","https://plotset.com/assets/images/steam-icons/Dying%20Light.jpg","0","0","0","0","0","0","0","0","0","0","0","0","0","0","0","0","0","0","0","0","0","0","0","0","0","0","0","0","0","0","43499","45770","15685","6720","4792","3481","3898","5123","7807","5012","8319","11798","14189","23073","10821","7429","4678","5845","7349","3224","3397","7915","5489","8843","10703","4849","4819","9243","3428","9437","8444","4141","3345","10026","6985","9296","9586","17089","7515","22897","10338","20189","14598","11813","8082","8091","11113","9904","9481","14044","11317","16951","11195","15879","15495","15375","16368","16027","18053","13761","15844","38589","19480","25453","12124","14740","13305","18914","10239","16436","17235","14154","13411","30600","26335","19837","31187","35493","19343","13066","10527","14880","14130","21464","25174","36277","18527","9393","12583","11195","12758","16650","15857","27385","29628","13827","14303","4723"
"CSS","Counter-Strike: Source","240","1D2C68","https://plotset.com/assets/images/steam-icons/Counter-Strike%20Source.jpg","47909","48007","41451","43924","42386","44160","48458","43945","40117","38507","32727","31888","30232","29840","31385","29641","32227","32530","35222","30676","27582","25837","24485","23374","21974","21069","20981","20991","21678","23493","24519","21441","20165","17772","16137","14866","13797","13594","13553","13960","14300","14860","16142","15627","14846","12774","11363","10865","10131","9828","10083","10503","11211","11500","12471","11557","10926","9774","8849","8598","8619","7905","8227","8811","9093","9828","10405","9770","9341","8661","7144","7091","6682","6786","6760","7121","8207","8674","8699","8156","7530","6779","6581","6758","6906","6028","6250","6157","7038","7868","7846","6990","10910","11446","9884","7341","6697","6171","5866","6473","7245","7967","8270","7489","8857","8698","6947","5962","5924","5306","5637","5684","6094","6544","8063","8891","8296","8494","7463","7246","7498","7015","6950","5363","6386","5216","5548","4606"
"Shadow of Mordor","Middle-earth™: Shadow of Mordor™","241930","DDD3C3","https://steamcharts.com/assets/steam-images/241930.jpg","0","0","0","0","0","0","0","0","0","0","0","0","0","0","0","0","0","0","0","0","0","0","0","0","0","67","33928","48518","9999","12933","11409","4182","5866","7446","4873","3957","2551","5098","9855","5042","6060","5413","5131","4466","3150","4086","4061","4787","7784","5626","7649","3970","3933","3130","3812","3591","11247","6221","3075","19467","29572","5498","7586","10684","5843","3156","2842","2948","2034","1544","4995","1959","1622","2088","2610","2618","2405","1754","1647","1185","1456","956","1218","1002","1050","1155","889","867","1795","1377","1260","965","2139","1595","1022","827","870","1216","2112","1369","1509","1698","1588","1102","1930","826","1299","1199","1494","2496","1147","2476","1253","1362","1482","1125","740","636","1458","857","971","838","2187","4414","1148","689","1062","552"
"Watch Dogs","Watch_Dogs™","243470","943A12","https://steamcharts.com/assets/steam-images/243470.jpg","0","0","0","0","0","0","0","0","0","0","0","0","0","0","0","0","0","0","0","0","0","3","47820","34414","3606","1818","1350","1044","2185","1321","1158","636","2943","987","519","1690","1700","1630","512","431","471","552","659","525","1500","950","481","3254","1211","510","512","546","2094","1432","2011","651","1052","792","362","798","959","345","313","356","611","452","577","370","475","337","656","404","403","213","198","1072","629","507","473","674","2867","829","2993","2891","1068","438","869","435","887","597","530","881","922","725","338","462","882","389","321","347","530","438","424","519","586","343","391","354","407","255","712","1230","920","420","403","333","686","328","1873","550","446","596","275","562","434","315","477","267"
"Isaac","The Binding of Isaac: Rebirth","250900","A68302","https://steamcharts.com/assets/steam-images/250900.jpg","0","0","0","0","0","0","0","0","0","0","0","0","0","0","0","0","0","0","0","0","0","0","0","0","0","0","0","0","65836","22392","19888","14707","12872","9538","9105","9711","7729","8727","10247","69673","53281","23397","20743","15221","12070","10487","8242","7623","7432","7921","7930","8266","9348","14985","39579","20039","13053","10848","9649","10755","8628","7369","7931","8245","8431","8707","8407","8115","7504","7795","13151","9603","8192","6956","7778","8602","9315","9089","9052","8384","8332","7395","7905","6433","5612","5803","6720","6751","7814","7576","7816","8126","9192","10321","8308","7976","8437","7761","7987","8405","8413","8805","12679","10422","58791","70483","55851","36597","26686","21264","19815","18974","21453","20949","22615","20399","21965","21105","18577","17628","18085","20465","20119","18301","18913","14064","17835","18242"
"Rust","Rust","252490","AA2A11","https://plotset.com/assets/images/steam-icons/Rust.jpg","0","0","0","0","0","0","0","0","0","0","0","0","0","0","0","0","0","22571","51872","58973","48870","31321","24306","18081","15027","12764","11040","12294","12062","11826","22303","20267","16341","16636","25625","27177","22622","25352","24075","24201","26697","38110","50628","61260","55147","49920","47100","45791","64555","50364","50680","48435","47571","49147","63843","68103","66194","53621","46948","48228","53425","43117","40577","49984","57223","60373","67410","68204","57873","51233","46328","54779","65952","53885","48430","58564","70969","70775","85208","77622","77896","72544","67338","81658","93595","88929","80293","82827","74292","81928","97340","92016","102296","125415","102051","93513","97741","89147","76611","80422","101365","97445","244394","224276","167088","147933","144083","133566","147757","155634","122359","106571","120659","125911","154747","164990","134559","141983","133789","165120","137057","134919","127912","118874","133364","121833","122134","80439"
"Cities:Skylines","Cities: Skylines","255710","003CC1","https://plotset.com/assets/images/steam-icons/Cities%20Skylines%20game.jpg","0","0","0","0","0","0","0","0","0","0","0","0","0","0","0","0","0","0","0","0","0","0","0","0","0","5","3","0","0","0","0","0","57421","26873","14791","14130","8754","9809","16148","18437","11287","12177","13946","27598","13360","10582","9851","15212","10020","8797","15810","13438","13484","16837","14153","13601","11277","12655","24153","16585","15135","20958","14069","22277","15516","14794","14847","22256","14708","13622","23933","17022","14223","16715","22645","29398","23049","19160","18384","19479","24892","20503","23758","18494","21024","15710","16389","22798","23927","20120","21581","20535","56061","41674","25925","21358","19020","25951","26363","20924","30189","29751","33199","30126","28678","25993","39610","25552","24920","21520","22914","23442","24226","22920","34443","31829","34376","32331","27131","23824","23984","22394","31272","24733","29849","19460","40280","19132"
"Mount & Blade II","Mount & Blade II: Bannerlord","261550","A3A4A6","https://steamcharts.com/assets/steam-images/261550.jpg","0","0","0","0","0","0","0","0","0","0","0","0","0","0","0","0","0","0","0","0","0","0","0","0","0","0","0","0","0","0","0","0","0","0","0","0","0","0","0","0","0","0","0","0","0","0","0","0","0","0","0","6","0","0","0","0","0","0","0","0","0","0","0","0","0","0","0","0","0","0","0","0","0","0","0","0","0","0","0","0","0","0","0","0","0","0","0","0","0","0","0","0","219514","248034","77878","26040","20337","19173","18990","19883","15870","17782","20790","19507","23902","23396","22579","20797","23145","22141","20493","20154","21420","28061","34616","29839","23207","24123","22530","23939","21735","24974","25684","58611","58248","29540","34955","19343"
"Borderlands:PS","Borderlands: The Pre-Sequel","261640","D2B42C","https://plotset.com/assets/images/steam-icons/Borderlands%20The%20Pre-Sequel.jpg","0","0","0","0","0","0","0","0","0","0","0","0","0","0","0","0","0","0","0","0","0","0","0","0","0","0","0","67244","25023","10466","10302","5933","8799","5854","2773","8479","4569","6758","3834","3454","3828","3871","4982","3612","6021","3175","2386","2701","3328","2508","4767","2767","2856","3542","4281","2187","3676","2002","2502","3120","3202","1761","1848","2238","3153","2478","2838","2358","2545","1854","1771","2479","2676","1609","2327","1718","3072","3612","3672","3182","9211","12065","5388","9580","6265","3424","3503","2586","1563","1322","1334","1136","1830","1677","1687","1423","922","840","858","750","853","878","946","1168","907","861","791","810","717","786","790","846","800","743","791","816","728","849","865","888","699","631","683","683","646","432","639","507"
"XCOM 2","XCOM® 2","268500","74D1EA","https://steamcharts.com/assets/steam-images/268500.jpg","0","0","0","0","0","0","0","0","0","0","0","0","0","0","0","0","0","0","0","0","0","0","0","0","0","0","0","0","0","0","0","0","0","0","0","0","0","0","0","0","0","0","0","132677","24055","10256","10358","9866","14289","10216","6383","8006","7085","7971","20240","16872","12075","7095","5502","11806","12370","36630","47875","14500","10625","10550","11610","10323","11597","7546","12576","7745","8106","10028","6271","16077","9797","10056","10244","9841","11047","7010","7404","7181","8178","8120","6145","5911","8387","8616","9456","7790","9819","18457","18792","6603","6524","5387","5593","5841","6040","6037","6656","13491","8304","6746","5084","6153","5815","7175","6276","6212","5647","6907","7743","12635","7614","8354","7560","5503","5831","5548","5813","6367","5887","3961","6268","4292"
"GTA V","Grand Theft Auto V","271590","52831F","https://plotset.com/assets/images/steam-icons/Grand%20Theft%20Auto%20V.jpg","0","0","0","0","0","0","0","0","0","0","0","0","0","0","0","0","0","0","0","0","0","0","0","0","0","0","0","0","0","0","0","0","0","360761","215966","85195","60908","50693","46917","73902","77141","84558","93726","72735","64633","65878","48053","78330","71778","63873","61921","86192","86759","126681","116125","104902","98798","96503","83483","131936","112074","121830","101433","84553","85105","170316","167754","94308","94489","89792","82956","118332","162021","123556","97920","81337","81360","120693","118210","119439","126518","91586","108557","109164","197555","176207","135072","117002","138540","204137","214796","267360","209493","243284","260562","180302","134093","154677","126174","128578","157355","258539","184941","146438","183227","178142","146011","155599","218784","214591","151408","136046","136818","173538","158823","155111","147473","153693","138240","133299","197328","195472","175811","168100","164601","133129","170275","100028"
"NMS","No Man's Sky","275850","AA2A11","https://steamcharts.com/assets/steam-images/275850.jpg","0","0","0","0","0","0","0","0","0","0","0","0","0","0","0","0","0","0","0","0","0","0","0","0","0","0","0","0","0","0","0","0","0","0","0","0","0","0","0","0","0","0","0","0","0","0","0","0","0","212321","9254","2172","8090","6498","2220","1097","7023","1869","1052","1781","1694","19017","5733","2277","1915","1874","1938","1406","1047","1203","1942","2047","96954","83156","15099","6291","8569","9118","7621","4573","5892","4971","7478","6055","6914","61535","27831","8568","9918","11029","10613","17980","13493","25414","12089","11736","21844","14929","34739","30502","16326","11954","12707","15126","9928","20871","13361","19792","11719","8310","38538","17754","13102","12716","10741","14304","11008","31870","28487","27054","40753","32413","16623","20349","12319","8470","11366","5598"
"A Story...","A Story About My Uncle","278360","74D1EA","https://plotset.com/assets/images/steam-icons/A%20Story%20About%20My%20Uncle.jpg","0","0","0","0","0","0","0","0","0","0","0","0","0","0","0","0","0","0","0","0","0","2","166","136","25","54","32","73","64","91","65","106","42","153","69","424","40","85","120","58","199","100","93","289","609","119","79","514","286","457","91","174","114","126","104","176","78","154","133","158","151","93","58","90","157","117","93","69","70","42","69","187","74","38","47","51","103","61","189049","6245","1421","1310","1673","1350","942","421","515","753","825","1258","406","348","604","539","557","1367","964","933","539","558","300","433","395","139","102","80","88","719","178","124","469","720","325","550","255","162","167","187","265","224","186","133","470","102","403","23","149","14"
"Braveland","Braveland","285800","AA2A11","https://plotset.com/assets/images/steam-icons/Braveland.jpg","0","0","0","0","0","0","0","0","0","0","0","0","0","0","0","0","0","0","0","0","142","17","11","17","14","10","6","125","25","22","18","76","22","14","25","14","22","31","16","76","33","12","14","16","9","21","13","22","11","18","7","16","15","24","27","12","26","13","25","15","13","16","12","15","10","13","24","26","18","17","24","36","19","20","5114","2326","213","149","216331","3275","418","849","1419","1164","564","398","253","677","460","739","389","453","205","237","226","2033","581","326","587","265","199","269","262","152","136","83","165","1687","143","68","55","93","549","517","134","2002","16","101","114","160","64","81","154","90","345","4","17","0"
"MGS V","METAL GEAR SOLID V: THE PHANTOM PAIN","287700","1A2217","https://steamcharts.com/assets/steam-images/287700.jpg","0","0","0","0","0","0","0","0","0","0","0","0","0","0","0","0","0","0","0","0","0","0","0","0","0","0","0","0","0","0","0","0","0","0","0","0","0","0","90952","35068","14141","8629","15691","8430","5738","4676","8513","7069","7109","5242","4750","4165","4787","5426","6279","4572","3934","3070","3283","3816","4383","3526","3189","3206","3292","3436","3554","3694","3687","2879","2508","3799","3966","3347","3320","2897","3004","3197","3159","2602","2489","2019","2233","3332","4048","2808","2493","2242","2972","3134","2607","2082","2035","2150","6504","4774","5404","3536","3814","3351","3324","3183","3461","3040","2583","2668","4070","2900","3198","2597","4191","5135","3077","2990","3272","3066","2505","2421","2521","4362","3868","2941","3352","2798","2530","1864","2908","2011"
"Civ 6","Sid Meier’s Civilization® VI","289070","943A12","https://plotset.com/assets/images/steam-icons/Sid%20Meier’s%20Civilization®%20VI.jpg","0","0","0","0","0","0","0","0","0","0","0","0","0","0","0","0","0","0","0","0","0","0","0","0","0","0","0","0","0","0","0","0","0","0","0","0","0","0","0","0","0","0","0","0","0","0","0","0","0","0","0","162314","84765","41959","44417","34856","31826","29569","27893","26115","29988","27107","25116","30229","28877","35057","42773","79739","42674","31934","30006","28232","28117","27635","36267","31109","44167","47729","47654","93889","64714","43605","40585","38968","42115","35714","36440","44349","42632","51209","55195","49558","66455","70298","76439","60936","64392","53037","54546","54203","53338","55126","65951","68161","64220","59532","49509","45842","65677","49218","71565","50982","54447","52505","64436","61321","64639","66605","61740","55679","52787","59662","64605","62217","89986","59341","71916","42637"
"Witcher 3","The Witcher® 3: Wild Hunt","292030","003CC1","https://steamcharts.com/assets/steam-images/292030.jpg","0","0","0","0","0","0","0","0","0","0","0","0","0","0","0","0","0","0","0","0","0","0","0","0","0","0","0","0","0","0","0","0","0","0","92268","55408","22148","13948","13733","20651","15187","18536","23429","14799","11539","10318","49246","53576","31244","18860","18718","17821","21281","24570","31967","25989","19812","22658","17637","34131","29255","18445","23085","33188","28177","24798","29721","31972","24060","26152","19144","29642","28266","19278","25800","19557","27237","23943","25651","33762","23575","33783","21319","33044","35770","25634","30585","20367","26594","94601","103329","62188","49787","61236","41736","35118","34735","36555","38742","27402","37517","41042","42783","38603","37844","43867","41446","34733","38753","44132","44434","32571","31845","62211","78592","46617","40775","31534","31716","23048","24297","26510","28770","27275","34827","25426","77470","27432"
"For Honor","FOR HONOR™","304390","74D1EA","https://steamcharts.com/assets/steam-images/304390.jpg","0","0","0","0","0","0","0","0","0","0","0","0","0","0","0","0","0","0","0","0","0","0","0","0","0","0","0","0","0","0","0","0","0","0","0","0","0","0","0","0","0","0","0","0","0","0","0","0","0","0","0","0","0","0","0","45923","20449","6939","7518","3481","1941","11359","3225","2485","4880","3736","3711","8202","7199","4974","18583","9902","8204","216499","37553","19619","14773","10979","15529","12198","8897","8582","12506","6898","5616","9552","6884","5548","7355","5803","5197","6720","7217","5415","5259","9750","10060","13358","6504","4767","4401","5877","5163","5230","6664","5846","4972","5071","7421","5200","6376","5401","6518","5055","8576","7624","5869","5150","4819","5271","10145","9307","5060","4777","4591","3740","5206","4142"
"Unturned","Unturned","304930","DDD3C3","https://steamcharts.com/assets/steam-images/304930.jpg","0","0","0","0","0","0","0","0","0","0","0","0","0","0","0","0","0","0","0","0","0","0","0","20","62450","53547","28228","20208","16744","16702","18529","17570","18889","19519","19261","19518","27275","31354","35834","36178","29720","33157","42322","40166","39345","34174","32941","38486","39683","55141","50338","48001","42720","37381","37434","42677","36179","32278","30764","29466","38020","29593","29124","31647","32111","32615","30976","25783","23439","19593","18483","20832","20387","19884","20381","21804","24199","36913","33900","30621","18997","18742","17703","17004","23751","18376","18809","47500","31714","38088","34544","33921","42396","39947","35923","33699","27512","25994","29380","36561","33403","32524","30006","50209","29638","30984","33759","32713","36802","34139","33682","33361","60269","70692","55031","46477","46292","50004","51601","56376","60660","67415","61694","92850","64494","57405","76336","67497"
"Gene Shift Auto","Gene Shift Auto","308600","74D1EA","https://steamcharts.com/assets/steam-images/308600.jpg","0","0","0","0","0","0","0","0","0","0","0","0","0","0","0","0","0","0","0","0","0","0","0","0","0","0","0","0","0","0","0","0","0","0","0","0","0","0","0","0","0","0","0","0","0","0","0","0","0","0","0","0","0","0","1","1","1","2","81","15","6","7","5","5","6","3","5","3","6","4","3","3","4","9","13","8","4","213183","114920","7341","973","957","1337","2053","528","2966","109","424","510","586","199","234","408","374","1247","2707","675","400","559","393","255","372","325","165","151","133","139","164","943","78","75","89","403","517","349","1883","218","338","259","255","321","1165","320","94","546","185","86","12"
"Black Ops 3","Call of Duty®: Black Ops III","311210","FD7A01","https://plotset.com/assets/images/steam-icons/Call%20of%20Duty®%20Black%20Ops%20III.jpg","0","0","0","0","0","0","0","0","0","0","0","0","0","0","0","0","0","0","0","0","0","0","0","0","0","0","0","0","0","0","0","0","0","0","0","0","0","0","0","0","63681","37374","30760","36698","29517","21544","22951","13817","13494","14610","14867","19089","8977","7893","8419","7633","7851","7209","11135","13011","9322","6773","6514","6060","4396","5979","4631","3950","4475","3396","5223","3975","3840","3908","4129","3804","3389","2404","2333","2125","2443","3020","3034","3529","3579","3086","2829","3225","3384","3985","3885","3842","4763","5445","8870","6321","5394","4554","5033","6288","6583","3824","3695","4882","3085","3212","6398","3519","3870","7730","6045","4731","5611","12114","12012","8281","4984","14668","9068","11537","12386","11007","12099","6017","8272","6335","10452","7423"
"Kholat","Kholat","343710","DDD3C3","https://steamcharts.com/assets/steam-images/343710.jpg","0","0","0","0","0","0","0","0","0","0","0","0","0","0","0","0","0","0","0","0","0","0","0","0","0","0","0","0","0","0","0","0","0","0","2","144","36","42","20","66","60","40","58","58","24","18","18","70","25","357","63","56","40","49","49","54","36","91","66","25","22","21","49","23","30","25","25","20","23","16","22","21","16","13","11","16","16","18","23","275043","737","955","1171","1835","605","527","267","657","598","574","252","470","469","409","506","1400","657","417","502","415","234","360","406","133","153","130","133","325","923","80","80","93","519","520","351","1502","280","315","254","265","326","1164","314","92","506","13","252","14"
"ARK","ARK: Survival Evolved","346110","52831F","https://plotset.com/assets/images/steam-icons/ARK%20Survival%20Evolved.jpg","0","0","0","0","0","0","0","0","0","0","0","0","0","0","0","0","0","0","0","0","0","0","0","0","0","0","0","0","0","0","0","0","0","0","28","80162","74888","84838","60299","64516","59880","55946","67018","65577","63069","63900","78089","71194","69764","60039","67157","59524","54698","67651","76879","100723","75022","73857","66342","76482","72455","57421","78303","68570","63378","85894","86640","71259","64647","58344","50021","79451","70823","50789","49072","49049","106170","76351","58388","52697","56169","54895","55915","83446","75524","70047","56829","54069","62857","66043","74200","138648","157355","125636","101631","97813","90664","75208","73081","71828","98433","86471","92006","98637","76387","73572","84679","147475","95701","73618","66133","66708","69159","92234","96650","86443","61402","83133","75922","247292","149693","96148","77774","76139","81482","66890","83735","60975"
"Rainbow6","Tom Clancy's Rainbow Six® Siege","359550","1A2217","https://plotset.com/assets/images/steam-icons/Tom%20Clancy's%20Rainbow%20Six®%20Siege.jpg","0","0","0","0","0","0","0","0","0","0","0","0","0","0","0","0","0","0","0","0","0","0","0","0","0","0","0","0","0","0","0","0","0","0","0","0","0","0","0","0","0","18130","20006","16044","11234","29170","14447","15295","39382","32084","18099","19467","42265","30859","34616","65189","47994","47040","43606","43057","47328","73641","69988","59895","99110","100433","109103","125133","176208","124813","142362","141630","116054","134159","143866","123794","115820","129558","137434","136018","134776","124989","115381","140274","128458","138827","148365","125590","123848","138681","157948","178824","198567","194102","146359","126733","122438","127249","163478","114281","94968","123374","123637","113338","199830","142422","108281","100214","89513","93643","111554","79691","71142","83292","74819","78263","108630","93429","72038","69997","64470","60463","66141","54769","45282","36343","59727","44347"
"Clicker Heroes","Clicker Heroes","363970","D2B42C","https://plotset.com/assets/images/steam-icons/Clicker%20Heroes.jpg","0","0","0","0","0","0","0","0","0","0","0","0","0","0","0","0","0","0","0","0","0","0","0","0","0","0","0","0","0","0","0","0","0","0","58173","65560","58967","42975","41779","35671","32588","35716","34433","28811","24643","20124","16964","27153","24911","19498","16691","16189","17263","19200","15878","14635","13499","12969","12454","10991","9833","9026","9237","9411","9188","15109","10170","9193","8210","7556","6770","6307","6710","5855","4968","4282","3890","3865","3600","3470","3746","3697","3516","3185","2853","2801","2854","2748","3463","3535","3354","3377","3690","3818","5012","4887","3762","3651","3940","4302","3725","3548","4766","4808","4215","3897","3907","3786","3422","3692","4306","4032","3691","3540","4581","3960","3403","3449","3487","3335","3083","3172","3357","3365","3069","2833","2567","2729"
"TW:WH","Total War: WARHAMMER","364360","D2B42C","https://steamcharts.com/assets/steam-images/364360.jpg","0","0","0","0","0","0","0","0","0","0","0","0","0","0","0","0","0","0","0","0","0","0","0","0","0","0","0","0","0","0","0","0","0","0","0","0","0","0","0","0","0","0","0","0","0","0","111909","70633","29273","22052","17244","16013","13326","30310","18821","37560","31117","20548","13940","19377","22679","33925","22323","10816","7787","6940","7167","6509","5039","4069","3708","7652","5001","3414","3288","6512","4369","4072","4208","3868","3795","2986","4223","3031","3154","2201","2338","3046","2352","2629","2652","2348","2715","3506","3095","2796","2207","1715","1412","1989","1803","1845","1907","2489","1701","1509","1523","1877","1511","1219","1441","1243","1291","1337","1665","1786","1275","1353","830","1166","1034","1677","1327","1360","1037","717","1130","678"
"Hacknet","Hacknet","365450","D2B42C","https://steamcharts.com/assets/steam-images/365450.jpg","0","0","0","0","0","0","0","0","0","0","0","0","0","0","0","0","0","0","0","0","0","0","0","0","0","0","0","0","0","0","0","0","0","0","0","0","2","1417","121","760","264","405","312","105","61","59","79","1668","310","140","118","1318","161","367","190","80","587","618","1925","375","269","209","96","332","721","654","139","234","113","120","7109","4431","127640","1781","1099","789","883","1375","786","747","605","1318","1212","1290","945","596","623","1018","934","914","696","688","814","731","823","1852","884","596","686","788","612","742","564","490","626","505","491","638","494","524","514","512","577","572","1472","635","649","635","656","634","631","681","720","504","498","445","301","672"
"The Division","Tom Clancy’s The Division™","365590","FD7A01","https://plotset.com/assets/images/steam-icons/Tom%20Clancy’s%20The%20Division™.jpg","0","0","0","0","0","0","0","0","0","0","0","0","0","0","0","0","0","0","0","0","0","0","0","0","0","0","0","0","0","0","0","0","0","0","0","0","0","0","0","0","0","0","0","0","113877","54455","22105","11856","12583","5213","3434","7897","24453","38689","23801","11126","13552","9810","18316","6780","8332","12246","20719","14266","6884","33452","21742","11350","15312","11163","7262","20826","21497","9898","14846","5201","5478","12957","13893","20988","7671","3664","2254","1921","2137","1626","1319","1122","1092","997","1307","1435","3209","2788","1352","1080","1387","1068","3154","1391","1972","1931","2077","1492","1387","1093","958","1032","1380","861","903","1020","1456","1481","1706","1283","2143","1377","1330","881","1038","1014","737","993","1014","858","1310","520"
"Kathy Rain","Kathy Rain","370910","74D1EA","https://steamcharts.com/assets/steam-images/370910.jpg","0","0","0","0","0","0","0","0","0","0","0","0","0","0","0","0","0","0","0","0","0","0","0","0","0","0","0","0","0","0","0","0","0","0","0","0","0","0","0","0","0","1","3","2","1","5","59","26","33","10","9","23","132","38","35","21","16","59","31","59","65","21","36","22","45","35","30","35","53","65","42","36","31","17","19","15","26","107","35","31","33","47","336132","9314","1176","414","149","311","339","935","250","338","347","297","257","1137","487","483","387","267","159","258","90","93","99","83","80","218","900","79","63","188","1721","4151","221","1302","154","148","158","2906","175","136","208","12","356","6","149","2"
"DS3","DARK SOULS™ III","374320","C628B6","https://plotset.com/assets/images/steam-icons/DARK%20SOULS%20III.jpg","0","0","0","0","0","0","0","0","0","0","0","0","0","0","0","0","0","0","0","0","0","0","0","0","0","0","0","0","0","0","0","0","0","0","0","0","0","0","0","0","0","0","0","0","0","129831","78374","18641","12211","11349","9644","32421","14769","12057","14531","11060","41728","34974","18489","14443","15962","10918","13577","11464","11223","21255","23569","20810","18911","13018","11945","19583","20843","13409","8855","10144","15459","16580","18626","16565","15080","12366","15455","15226","13564","9935","12530","9830","11549","14680","15257","15517","13507","28185","24748","20761","21513","17321","13775","11512","23374","23091","21667","16560","15689","19856","15766","25058","23540","16708","14879","13804","23564","22553","24209","15240","16976","12842","8124","5306","4504","11468","10247","7597","6492","4701","5970","5080"
"Fallout 4","Fallout 4","377160","1D2C68","https://plotset.com/assets/images/steam-icons/Fallout%204.jpg","0","0","0","0","0","0","0","0","0","0","0","0","0","0","0","0","0","0","0","0","0","0","0","0","0","0","0","0","0","0","0","0","0","0","0","0","0","0","0","0","471955","201635","119272","61739","57102","52480","74283","45855","41541","45998","48954","39948","40096","37794","41471","34587","31843","29010","49675","38111","36800","32696","31836","35886","33736","34512","37190","45111","30503","26203","25653","47573","43476","32239","28436","36389","33389","31485","25206","20610","19879","17822","19712","20831","25568","24918","20097","23275","22661","23706","23023","21988","24354","24455","23912","20948","23204","24206","19804","29702","26621","23305","23877","21274","20908","19732","21237","19487","20199","34180","26916","32662","27235","23085","24939","23963","21708","21733","20626","22069","23753","27516","24300","31142","28190","17755","25619","19412"
"KCD","Kingdom Come: Deliverance","379430","D2B42C","https://steamcharts.com/assets/steam-images/379430.jpg","0","0","0","0","0","0","0","0","0","0","0","0","0","0","0","0","0","0","0","0","0","0","0","0","0","0","0","0","0","0","0","0","0","0","0","0","0","0","0","0","0","0","0","0","0","0","0","0","0","0","0","0","0","0","0","0","0","0","0","0","0","0","0","0","0","1","0","95863","40933","11100","4949","6154","12076","4926","6180","8384","6768","9208","13853","8621","6737","5598","4426","7416","8716","6204","12613","5000","5785","5952","6402","8352","6538","10947","5612","8153","5591","4033","4717","4164","4620","5332","6169","5347","12353","6492","4915","5214","5973","8235","4923","4260","7378","5607","6720","10317","4621","5019","5932","5181","5094","6976","3643","5965","4258","3129","5676","4141"
"Layers of Fear","Layers of Fear (2016)","391720","1D2C68","https://steamcharts.com/assets/steam-images/391720.jpg","0","0","0","0","0","0","0","0","0","0","0","0","0","0","0","0","0","0","0","0","0","0","0","0","0","0","0","0","0","0","0","0","0","0","0","0","0","203","161","273","252","101","76","738","298","116","235","163","167","335","248","279","280","122","124","80","65","299","101","110","118","371","189","336","331","6315","686","262","180","259","139","143872","893","336","595","549","534","405","283","257","328","838","829","652","545","305","188","520","416","450","260","145","186","172","164","1177","502","110","318","520","429","160","167","167","129","99","110","172","164","96","112","366","358","547","140","123","94","101","90","218","208","88","105","148","334","39","57","34"
"DISTRAINT","DISTRAINT: Deluxe Edition","395170","C628B6","https://plotset.com/assets/images/steam-icons/DISTRAINT%20Deluxe%20Edition.jpg","0","0","0","0","0","0","0","0","0","0","0","0","0","0","0","0","0","0","0","0","0","0","0","0","0","0","0","0","0","0","0","0","0","0","0","0","0","0","0","12","73","10","6","6","8","63","17","9","10","8","49","31","2734","292","33","67","60","35","130","23","89","18","53","69","23","52","27","38","31","11","1821","70","27","16","22","22","162795","2405","462","312","251","884","1321","1203","2172","251","255","517","321","650","299","325","422","330","349","1503","510","254","507","359","200","264","92","117","112","75","64","120","992","65","72","103","328","521","247","1682","156","303","635","212","180","1461","229","18","443","31","170","2"
"GMOD","Garry's Mod","4000","003CC1","https://plotset.com/assets/images/steam-icons/Garry's%20Mod.jpg","12253","10711","11674","14158","17995","22009","24427","28488","28326","27237","22094","23434","33522","34321","47070","33252","38574","53559","57327","53387","47455","48674","47497","68101","61425","51503","52741","54617","60734","59773","73750","67527","65458","59154","52285","51539","53414","57865","51555","50740","60907","65324","69854","64930","58183","59069","58486","59819","59522","56748","53570","51015","56678","60887","68016","62069","57946","59032","57000","54424","53019","53370","52726","52376","52605","53203","60078","53530","50266","46921","47581","52300","52636","48101","45605","45573","49693","48799","53218","49239","48267","48291","47105","47984","47362","41907","41436","39520","41070","44534","49001","45063","61933","59682","52658","42557","42318","41437","38216","39824","41428","41597","46668","45995","42699","41837","41150","39465","39573","41736","39242","44654","40869","38682","45812","43667","40548","40079","40925","42290","43359","44204","44439","40118","44316","26556","39033","29169"
"H1Z1","Z1 Battle Royale","433850","943A12","https://steamcharts.com/assets/steam-images/433850.jpg","0","0","0","0","0","0","0","0","0","0","0","0","0","0","0","0","0","0","0","0","0","0","0","0","0","0","0","0","0","0","0","0","0","0","0","0","0","0","0","0","0","0","0","20916","19414","14312","15118","12895","11969","14232","24677","27893","27399","40645","50537","97404","123838","137985","124069","134487","150179","141064","105111","63253","42289","43250","23231","14518","41891","14339","9446","11302","9985","5914","7001","4927","8534","4010","3574","2050","12731","4694","3416","1805","1018","820","746","1201","623","496","9562","6721","1328","892","409","369","489","535","398","311","2028","442","412","372","7544","3688","728","455","392","244","258","549","183","895","787","326","350","257","264","271","272","322","184","189","146","69","89","80"
"DOS","Divinity: Original Sin 2 - Definitive Edition","435150","AA2A11","https://plotset.com/assets/images/steam-icons/Divinity%20Original%20Sin%202%20-%20Definitive%20Edition.jpg","0","0","0","0","0","0","0","0","0","0","0","0","0","0","0","0","0","0","0","0","0","0","0","0","0","0","0","0","0","0","0","0","0","0","0","0","0","0","0","0","0","0","0","0","0","0","0","0","0","18","2836","1031","537","405","429","644","400","569","1335","1082","548","1172","93350","80081","28670","22602","25690","18026","13298","15236","13900","13409","15874","12939","21541","16400","16332","18421","19299","16908","16278","11219","16297","16892","17387","11484","13128","11151","13944","15258","16728","20692","30748","26454","23788","20039","21244","16765","20410","21786","23345","17059","20036","17390","16458","14072","15803","14431","16103","11734","19586","16177","14265","12658","15604","13652","11860","11903","12421","11905","13457","11022","17262","12663","10897","7702","14603","8362"
"TF2","Team Fortress 2","440","943A12","https://plotset.com/assets/images/steam-icons/Team%20Fortress%202.jpg","62321","117917","90232","106853","80988","73695","74300","72893","72799","71706","75126","77349","72803","74504","77493","74370","79961","86393","83323","83502","82998","80730","80053","90242","76060","83414","93749","101741","104323","97449","94272","90599","89571","84438","84603","78971","83241","85201","90718","91684","91588","82824","80583","83544","83425","81206","77972","72453","72643","72111","74797","81153","77056","71438","77405","77381","74656","72616","73188","69895","66951","69172","73411","97248","84022","71122","72845","69198","57366","58292","56049","57752","59658","57772","58152","97329","93560","116141","66649","65290","63379","60330","54127","57130","93245","64518","64640","73467","69869","103481","76738","78393","85149","88124","85744","79946","89648","96577","86576","130548","101610","146887","111102","133620","113107","118950","123327","150037","134736","92436","100830","107528","121812","129147","129305","93238","92526","94815","91626","138435","139034","120426","133570","127647","116266","101479","135479","80689"
"Skyrim","The Elder Scrolls V: Skyrim Special Edition","489830","A3A4A6","https://steamcharts.com/assets/steam-images/489830.jpg","0","0","0","0","0","0","0","0","0","0","0","0","0","0","0","0","0","0","0","0","0","0","0","0","0","0","0","0","0","0","0","0","0","0","0","0","0","0","0","0","0","0","0","0","0","0","0","0","0","5","14","69777","65584","30528","22528","18727","16316","15364","16427","15695","16929","18461","23312","18622","17725","19724","21459","18673","17857","25182","18427","19321","19319","19106","17567","18838","18616","19864","20884","21698","21780","20798","19843","20020","22225","20823","18680","18408","17841","23687","26377","25303","26291","26917","25892","29337","29916","30978","24612","23284","24514","26658","34631","31961","27364","26159","27567","24341","28758","37370","32075","29879","53665","44625","42340","35593","25798","25601","31156","31229","34192","37365","32587","34949","35973","25163","41436","26966"
"Prismata","Prismata","490220","A68302","https://steamcharts.com/assets/steam-images/490220.jpg","0","0","0","0","0","0","0","0","0","0","0","0","0","0","0","0","0","0","0","0","0","0","0","0","0","0","0","0","0","0","0","0","0","0","0","0","0","0","0","0","0","0","0","0","0","0","0","0","0","0","0","0","0","0","0","0","0","0","0","0","0","0","0","0","0","0","0","16","176","121","121154","1459","987","614","1139","346","373","479","443","356","94","571","1066","305","171","107","382","74","122","155","810","61","43","100","992","2205","220","77","42","85","159","77","100","47","31","44","43","35","23","240","28","27","21","31","37","29","20","19","20","96","22","17","165","101","18","8","9","7"
"Orwell","Orwell: Keeping an Eye On You","491950","ABA28F","https://steamcharts.com/assets/steam-images/491950.jpg","0","0","0","0","0","0","0","0","0","0","0","0","0","0","0","0","0","0","0","0","0","0","0","0","0","0","0","0","0","0","0","0","0","0","0","0","0","0","0","0","0","0","0","0","0","0","0","0","0","2","4","197","350","323","212","119","211","156","52","545","340","93","59","740","311","98","91","422","294","188","251","104","162","7935","1085","150575","614","1016","362","429","685","802","2778","1113","579","262","485","1615","376","398","297","194","327","308","1209","1164","477","359","525","346","209","263","128","120","174","92","81","179","864","136","390","199","322","513","242","1498","197","166","222","188","178","848","239","107","392","26","170","17"
"BL2","Borderlands 2","49520","AA2A11","https://plotset.com/assets/images/steam-icons/Borderlands%202.jpg","0","0","123596","68559","31391","28993","28507","25383","16153","17604","40649","27818","49680","28306","20874","23777","17302","25836","28057","47105","18448","13248","12169","37558","30875","67322","32832","25558","15119","15743","16789","14115","21917","15930","10242","17472","15088","15419","15346","14744","16804","15408","17772","16127","19014","12387","10762","12360","15058","9480","18784","12956","12446","16062","18099","11971","19286","12665","10136","15238","17654","10483","10113","11901","18854","13769","14723","12875","15599","11831","26724","17063","14474","9224","13833","9892","12946","16548","16585","16798","44256","59333","28233","80287","42052","20265","19528","19282","7649","7177","7021","6709","9735","9866","10516","8398","5711","5513","5081","4172","5798","6227","6809","7971","6516","5711","4896","5663","4923","5066","5515","5776","5305","4952","5266","6246","4648","5657","6401","5977","5499","4442","4338","4301","4355","3105","4480","3299"
"LIS2","Life is Strange 2","532210","C628B6","https://steamcharts.com/assets/steam-images/532210.jpg","0","0","0","0","0","0","0","0","0","0","0","0","0","0","0","0","0","0","0","0","0","0","0","0","0","0","0","0","0","0","0","0","0","0","0","0","0","0","0","0","0","0","0","0","0","0","0","0","0","0","0","0","0","0","0","0","0","0","0","0","0","0","0","0","0","0","0","0","0","0","0","0","0","0","4316","1391","381","361","5141","774","273","267","4133","385","413","5543","685","398","607","4629","1517","803","1008","677","787","803","883","627","468634","577","699","756","806","541","1168","784","496","573","592","454","615","447","435","476","515","381","356","288","286","311","306","566","273","233","261","195","336","186"
"L4D2","Left 4 Dead 2","550","AA2A11","https://plotset.com/assets/images/steam-icons/Left%204%20Dead%202.jpg","21811","14848","11229","48599","21298","19518","17873","14424","21574","14109","12116","12810","39026","13284","10982","10267","16177","161590","61325","24471","22266","16210","14600","18392","16811","12255","18732","15176","18037","17356","17156","13285","13014","11863","10543","23097","14321","22453","13055","17636","19403","22646","25363","25228","19083","16524","18322","20215","22622","14040","13374","17778","23367","25743","25699","17223","27825","16743","14534","42217","42773","19287","16800","14657","32064","29351","28171","24918","18384","13680","18821","27239","25777","15285","14538","23062","25246","20702","20122","18087","15316","15029","26978","21723","22293","14930","14519","22339","22226","23710","22868","25124","21184","42699","18881","23371","25107","18679","100965","47697","39300","33893","34475","23915","36938","29097","40653","33686","37870","49003","34682","38013","34769","30845","34605","34758","27129","26434","24981","31533","48800","28640","27982","26901","84991","51616","58545","20922"
"SR3","Saints Row: The Third","55230","ABA28F","https://steamcharts.com/assets/steam-images/55230.jpg","11899","3881","24553","4987","9874","13934","11058","4441","6918","3405","3453","34254","12952","11389","7168","6261","3667","3359","4722","2615","1621","4909","3866","3126","2566","2452","1853","5339","3601","2815","16149","3641","2381","1704","4069","2739","1643","1373","13278","4201","2224","3059","2940","1360","1329","2768","1763","2652","2846","1383","1241","3640","2632","3042","3056","3704","2118","4601","1843","2732","2889","3513","1463","3728","2040","2434","2334","1851","1251","1074","992","1667","3164","1192","929","1979","1260","1555","1467","1230","886","746","2622","1466","1477","771","1489","719","1227","1363","1335","869","988","1190","1275","1228","1348","644","1849","981","1090","1593","1227","955","1528","903","1787","1232","638","968","812","673","1062","609","533","502","415","504","801","575","601","1186","1117","516","456","286","376","292"
"Far Cry 5","Far Cry® 5","552520","A3A4A6","https://plotset.com/assets/images/steam-icons/Far%20Cry®%205.jpg","0","0","0","0","0","0","0","0","0","0","0","0","0","0","0","0","0","0","0","0","0","0","0","0","0","0","0","0","0","0","0","0","0","0","0","0","0","0","0","0","0","0","0","0","0","0","0","0","0","0","0","0","0","0","0","0","0","0","0","0","0","0","0","0","0","0","0","0","92377","89574","14343","7706","6717","5731","6725","3556","7569","11615","11258","17762","8804","7159","5088","5062","5917","2698","5425","4031","7040","9383","9409","12472","14170","7378","8641","5911","26436","9424","3901","9813","10527","10024","11476","6521","10098","6620","14973","12283","14272","21032","5536","5293","6317","7897","7343","7579","6292","4003","2823","4883","4298","5632","3911","4737","6122","3449","4993","2001"
"WoWS","World of Warships","552990","D2B42C","https://steamcharts.com/assets/steam-images/552990.jpg","0","0","0","0","0","0","0","0","0","0","0","0","0","0","0","0","0","0","0","0","0","0","0","0","0","0","0","0","0","0","0","0","0","0","0","0","0","0","0","0","0","0","0","0","0","0","0","0","0","0","0","0","0","0","0","0","0","0","0","0","0","0","0","5","6739","5113","6648","5209","4310","3877","3896","5496","4679","4831","5634","5710","5373","7247","7074","8439","7582","8385","9346","7744","8628","8471","9496","9365","10845","14168","13968","19807","19402","22687","17708","17330","18580","17432","15958","15604","14343","14254","14059","353413","15662","13218","14760","14732","12355","13522","14757","13004","35676","14182","15091","13895","13213","13056","16100","16371","13567","13204","15848","13589","400538","10248","12022","6015"
"Dota 2","Dota 2","570","AA2A11","https://plotset.com/assets/images/steam-icons/Dota%202.jpg","75041","108689","118724","171860","169631","213521","260989","283870","325598","299667","325815","326160","422617","520532","566715","581615","702792","685503","673496","738682","698197","734998","843024","833145","874975","774319","864261","880655","963810","936583","961737","1262612","1213940","929677","967674","913997","877264","933942","888728","917306","943635","999452","1067949","1248394","1291328","1164041","1075307","1095994","1084198","1117519","1064377","1141191","1007270","1014671","1007451","1040877","956232","921318","972876","923122","824297","876395","829555","832550","861173","864939","778627","779299","773897","733214","844713","796886","701582","829281","826166","739643","826053","765422","874888","964921","1033925","971545","997341","865374","779160","826690","753996","739924","708517","685165","616415","663812","743933","801121","793135","733294","712610","666138","670547","723280","711824","697833","694613","651615","648875","705534","672307","734277","707406","699613","666838","752482","747506","756170","786118","725851","740784","730168","691586","699592","684842","747231","867484","1038848","990057","719615","701797","460571"
"PUBG","PUBG: BATTLEGROUNDS","578080","D2B42C","https://plotset.com/assets/images/steam-icons/PUBG%20BATTLEGROUNDS.jpg","0","0","0","0","0","0","0","0","0","0","0","0","0","0","0","0","0","0","0","0","0","0","0","0","0","0","0","0","0","0","0","0","0","0","0","0","0","0","0","0","0","0","0","0","0","0","0","0","0","0","0","0","0","0","0","1","67846","140104","189456","267194","481291","874171","1550463","2390946","2915723","3080769","3236027","2934761","2799269","2456361","2175704","1750216","1350463","1260894","1125229","1048662","895650","1109766","1084606","931754","931407","886255","817595","745960","745224","750941","660864","637870","695920","686239","645414","606689","562028","913075","553121","546359","469568","443390","403693","381079","438919","444680","451998","447390","464480","453579","419509","427913","413274","444355","400709","393496","341570","363839","696704","532109","535587","527433","468207","413426","391255","395910","448410","440651","425493","390850","465423","154023"
"MHW","Monster Hunter: World","582010","ABA28F","https://plotset.com/assets/images/steam-icons/Monster%20Hunter%20World.jpg","0","0","0","0","0","0","0","0","0","0","0","0","0","0","0","0","0","0","0","0","0","0","0","0","0","0","0","0","0","0","0","0","0","0","0","0","0","0","0","0","0","0","0","0","0","0","0","0","0","0","0","0","0","0","0","0","0","0","0","0","0","0","0","0","0","0","0","0","0","0","0","0","0","329333","227644","122588","122496","93833","97088","62427","38456","51840","59524","59244","91104","72823","97996","73764","60774","69511","284090","224419","219544","149860","106972","51086","144000","74252","62376","121990","57301","55776","56758","42501","40090","47791","39877","36858","35844","38707","31712","32584","26674","27479","30826","27162","33413","28485","33243","33112","32419","29381","23866","25284","25857","23016","23899","11625"
"Murderous...","Murderous Pursuits","638070","D2B42C","https://steamcharts.com/assets/steam-images/638070.jpg","0","0","0","0","0","0","0","0","0","0","0","0","0","0","0","0","0","0","0","0","0","0","0","0","0","0","0","0","0","0","0","0","0","0","0","0","0","0","0","0","0","0","0","0","0","0","0","0","0","0","0","0","0","0","0","0","0","0","0","0","0","0","0","0","0","0","3","25","19","150","89","39","34","217","20","144294","6851","1806","434","337","241","921","895","1939","570","312","262","609","491","454","307","538","464","355","370","1413","587","421","536","453","233","388","109","131","151","82","84","163","948","64","70","69","296","519","329","1602","238","293","229","233","250","928","273","13","491","4","266","2"
"Civ:BE","Sid Meier's Civilization®: Beyond Earth™","65980","74D1EA","https://steamcharts.com/assets/steam-images/65980.jpg","0","0","0","0","0","0","0","0","0","0","0","0","0","0","0","0","0","0","0","0","0","0","0","0","0","0","0","86747","38492","11416","36983","7896","7919","5037","4219","4800","3841","18202","3743","13459","6035","5998","8563","6942","4482","3421","3491","4325","3609","2589","4024","2894","1981","1832","2138","2153","2233","1490","1376","1536","1616","1363","1299","1339","2109","1480","1555","1449","1769","1202","1093","1119","1105","996","1077","1050","1429","1373","1321","1372","1076","928","1035","901","1203","949","791","1046","934","980","1033","927","1169","1310","980","981","841","727","766","798","811","862","909","870","704","680","643","712","673","651","642","872","752","706","755","772","751","692","656","598","652","601","780","660","646","462","702","487"
"Broke Protocol","BROKE PROTOCOL: Online City RPG","696370","52831F","https://steamcharts.com/assets/steam-images/696370.jpg","0","0","0","0","0","0","0","0","0","0","0","0","0","0","0","0","0","0","0","0","0","0","0","0","0","0","0","0","0","0","0","0","0","0","0","0","0","0","0","0","0","0","0","0","0","0","0","0","0","0","0","0","0","0","0","0","0","0","0","0","0","119","70","53","47","60","52","36","91","65","82","103","98","977","151","96","232","96","113","86","145618","1297","1212","386","873","82","76","154","123","5547","412","253","228","273","259","3124","271","622","68","83","79","1539","74","77","71","74","109","335","91","361","65","76","2115","66","58","64","58","55","126","786","101","79","60","69","58","34","54","58"
"CS:GO","Counter-Strike: Global Offensive","730","D2B42C","https://plotset.com/assets/images/steam-icons/Counter-Strike%20Global%20Offensive.jpg","1642","52261","36057","20850","50533","27553","31359","35238","32166","31966","53379","33700","42149","50511","52052","53263","92279","96298","102084","119764","164495","142526","170137","164134","193613","277192","242494","260613","348018","367634","443188","455508","595439","568556","677701","610401","541181","819902","725939","732093","786707","823694","667432","738969","737599","850485","668612","579110","636056","599095","638360","661985","627124","662460","814616","744468","742356","709841","692966","614621","624785","595781","665371","639968","601881","598405","715850","686588","672502","523262","454481","420261","426008","454370","583029","565968","546031","746548","684511","654069","680071","621614","588453","587724","578933","647461","720052","747937","758412","767060","817229","916996","1145972","1305714","1193359","1009467","857560","925348","977769","943876","1037464","1164396","1124553","1123485","1198581","1148077","1087197","929940","763523","802544","942519","864966","935593","950586","991625","995163","987993","1013237","923996","906670","928329","1039889","1100366","1078860","1129095","911451","969910","882860"
"TW: 3K","Total War: THREE KINGDOMS","779340","003CC1","https://plotset.com/assets/images/steam-icons/Total%20War%20THREE%20KINGDOMS.jpg","0","0","0","0","0","0","0","0","0","0","0","0","0","0","0","0","0","0","0","0","0","0","0","0","0","0","0","0","0","0","0","0","0","0","0","0","0","0","0","0","0","0","0","0","0","0","0","0","0","0","0","0","0","0","0","0","0","0","0","0","0","0","0","0","0","0","0","0","1","0","0","0","0","0","0","0","0","0","0","0","0","0","191816","119246","50764","32476","15935","12312","10194","14000","25441","24579","30076","28411","13560","11849","12918","13688","21172","13241","10478","13617","15212","14490","25161","15271","19195","12110","11288","9500","8952","8357","7827","8588","12108","11037","9340","9652","13158","10193","9402","8240","8519","11042","9756","8466","9571","3096"
"Sekiro","Sekiro™: Shadows Die Twice - GOTY Edition","814380","52831F","https://steamcharts.com/assets/steam-images/814380.jpg","0","0","0","0","0","0","0","0","0","0","0","0","0","0","0","0","0","0","0","0","0","0","0","0","0","0","0","0","0","0","0","0","0","0","0","0","0","0","0","0","0","0","0","0","0","0","0","0","0","0","0","0","0","0","0","0","0","0","0","0","0","0","0","0","0","0","0","0","0","0","0","0","0","0","0","0","0","0","0","0","124334","60604","16701","6271","6094","4910","3586","3252","7557","13135","13236","11906","8538","11533","7582","8663","9346","7691","6853","17807","17521","11236","9449","9956","8593","6533","5488","16876","17697","11098","8681","6918","9384","14040","14808","12745","12736","9993","9737","9930","10673","14826","17837","10125","16311","13625","13584","3710"
"BioShock ∞","BioShock Infinite","8870","DDD3C3","https://plotset.com/assets/images/steam-icons/BioShock%20Infinite.jpg","0","0","0","0","0","0","0","0","65198","27908","5163","3293","9773","3661","2622","8689","9112","10749","7924","3188","11172","4831","5553","4901","3979","5394","2798","3017","3529","3441","3498","1831","4801","2185","1452","2950","1896","3236","2354","2174","2648","2423","3228","2512","1486","1263","1275","2370","3640","1309","3374","1858","1375","1224","1332","1031","2746","1210","1005","1763","1999","1878","1234","1291","1982","1154","1411","1201","2169","1782","932","1275","1298","1654","1197","817","1063","1078","1254","1723","1231","845","1255","1314","1178","719","1029","955","1107","1054","1042","1260","1974","1260","1051","1470","1473","1433","1064","1222","1067","968","997","1394","1467","945","1410","1068","1169","862","1412","1004","1170","843","1114","1086","792","829","792","732","661","772","586","615","583","355","577","415"
"Valheim","Valheim","892970","A3A4A6","https://steamcharts.com/assets/steam-images/892970.jpg","0","0","0","0","0","0","0","0","0","0","0","0","0","0","0","0","0","0","0","0","0","0","0","0","0","0","0","0","0","0","0","0","0","0","0","0","0","0","0","0","0","0","0","0","0","0","0","0","0","0","0","0","0","0","0","0","0","0","0","0","0","0","0","0","0","0","0","0","0","0","0","0","0","0","0","0","0","0","0","0","0","0","0","0","0","0","0","0","0","0","0","0","0","0","0","0","0","0","0","0","0","0","0","498478","405826","159037","80466","37931","33476","29764","109793","61020","37110","43305","55608","55169","43527","36169","34436","28351","27981","24376","24612","24562","62079","41500","98077","56863"
"Civ V","Sid Meier's Civilization® V","8930","ABA28F","https://plotset.com/assets/images/steam-icons/Sid%20Meier's%20Civilization®%20V.jpg","50756","39110","34696","35714","39677","50891","58386","44966","43780","39478","36679","67729","91020","64123","58003","63023","54473","70367","77825","72416","64115","57627","56011","71677","65738","80375","66292","55493","55229","58038","62502","59719","67160","55583","52490","53711","51898","60338","52194","53106","58683","69206","78252","74716","65453","59108","87959","70936","73683","62143","67413","72026","52910","48348","54215","46403","48783","41840","40425","44145","44623","41594","40656","42065","47074","48964","50503","44824","44139","41942","37341","38205","38489","36625","37802","37020","40849","40420","39943","39474","39067","34050","34109","31057","30404","30817","30234","30986","30669","31810","32681","32225","51448","48881","38861","31355","26766","26788","26250","26851","28367","30135","31565","29459","27158","27026","25968","23696","22945","25305","23945","23439","23605","23558","26440","26362","28089","27159","24490","23336","23225","23137","23204","23544","24302","17730","24195","18785"
"BL1","Borderlands Game of the Year","8980","52831F","https://plotset.com/assets/images/steam-icons/Borderlands%20Game%20of%20the%20Year.jpg","23443","11400","6028","3328","2181","3852","3103","3640","1726","1172","2894","1639","1944","1267","981","1603","1706","1953","2063","1218","943","1073","910","1879","1589","2653","1991","1833","1881","2328","2402","2227","3149","2106","1268","4677","4278","2408","1791","1706","2175","2140","2747","2264","3971","2147","1631","1967","2658","1334","3134","1620","1851","2619","2904","1580","2454","1572","1349","2149","2629","1417","1465","3799","2165","2034","2307","2125","2415","1574","2031","1877","2149","1288","1635","1274","1671","1888","1875","1878","4455","3542","1007","839","656","513","705","494","327","279","271","227","445","565","505","345","244","273","224","208","226","264","290","268","318","267","229","256","252","220","197","250","236","265","273","292","224","243","210","212","230","203","188","181","209","119","212","135"
"Among Us","Among Us","945360","AA2A11","https://plotset.com/assets/images/steam-icons/Among%20Us.jpg","0","0","0","0","0","0","0","0","0","0","0","0","0","0","0","0","0","0","0","0","0","0","0","0","0","0","0","0","0","0","0","0","0","0","0","0","0","0","0","0","0","0","0","0","0","0","0","0","0","0","0","0","0","0","0","0","0","0","0","0","0","0","0","0","0","0","0","0","0","0","0","0","0","0","0","0","19","17","37","26","25","26","29","209","556","676","431","277","262","192","271","859","711","850","1234","2848","6771","73159","438524","372646","336108","181843","118868","75133","130138","97580","28242","21992","19576","17436","16851","14264","25917","18875","19495","16129","12582","16767","13052","12567","11084","10901","12046","13627","12663","6715","10213","6992"
" Tiny Bang Story","The Tiny Bang Story","96000","AA2A11","https://steamcharts.com/assets/steam-images/96000.jpg","174","42","21","19","19","45","33","17","22","14","19","12","15","10","22","15","12","16","19","18","17","80","21","21","19","128","67","29","194","40","138","34","51","40","17","34","213","41","29","23","52","39","55","34","20","40","22","49","29","20","20","25","45","25","35","20","41","25","18","53","44","40","21","34","36","33","83","34","44","19","39","43","29","16","163735","4295","498","1367","392","298","380","514","1178","1173","253","140","124","408","382","341","206","327","376","411","348","1386","794","863","698","458","201","317","137","81","57","40","26","887","659","112","212","145","354","532","328","1870","240","263","245","316","251","756","341","81","497","17","251","7"